date,open,high,low,close,volume,adjclose
# num of rows: 575
2019-01-02 00:00:00.000,245.97999572753906,251.2100067138672,245.9499969482422,250.17999267578125,126925200,240.2426300048828
2019-01-03 00:00:00.000,248.22999572753906,248.57000732421875,243.6699981689453,244.2100067138672,144140700,234.509765625
2019-01-04 00:00:00.000,247.58999633789062,253.11000061035156,247.1699981689453,252.38999938964844,142628800,242.3648681640625
2019-01-07 00:00:00.000,252.69000244140625,255.9499969482422,251.69000244140625,254.3800048828125,103139100,244.27581787109375
2019-01-08 00:00:00.000,256.82000732421875,257.30999755859375,254.0,256.7699890136719,102512600,246.57086181640625
2019-01-09 00:00:00.000,257.55999755859375,258.9100036621094,256.19000244140625,257.9700012207031,95006600,247.72320556640625
2019-01-10 00:00:00.000,256.260009765625,259.1600036621094,255.5,258.8800048828125,96823900,248.59706115722656
2019-01-11 00:00:00.000,257.67999267578125,259.010009765625,257.0299987792969,258.9800109863281,73858100,248.693115234375
2019-01-14 00:00:00.000,256.8599853515625,258.29998779296875,256.4100036621094,257.3999938964844,70908200,247.17587280273438
2019-01-15 00:00:00.000,257.82000732421875,260.70001220703125,257.80999755859375,260.3500061035156,85208300,250.00869750976562
2019-01-16 00:00:00.000,260.8299865722656,261.9700012207031,260.6000061035156,260.9800109863281,77636700,250.61363220214844
2019-01-17 00:00:00.000,260.010009765625,263.9200134277344,259.9599914550781,262.9599914550781,96118400,252.51499938964844
2019-01-18 00:00:00.000,264.9800109863281,266.9800109863281,263.0,266.4599914550781,127900300,255.87600708007812
2019-01-22 00:00:00.000,264.82000732421875,265.05999755859375,261.05999755859375,262.8599853515625,115531200,252.41896057128906
2019-01-23 00:00:00.000,264.010009765625,264.7900085449219,260.6600036621094,263.4100036621094,86030300,252.94712829589844
2019-01-24 00:00:00.000,263.2099914550781,264.20001220703125,262.0799865722656,263.54998779296875,59204100,253.08154296875
2019-01-25 00:00:00.000,265.6099853515625,266.70001220703125,263.6600036621094,265.7799987792969,96883400,255.22300720214844
2019-01-28 00:00:00.000,263.3900146484375,263.8299865722656,261.7900085449219,263.760009765625,85613700,253.28323364257812
2019-01-29 00:00:00.000,263.9200134277344,264.54998779296875,262.4800109863281,263.4100036621094,66136300,252.94712829589844
2019-01-30 00:00:00.000,265.1000061035156,268.5199890136719,264.25,267.5799865722656,92473700,256.9515380859375
2019-01-31 00:00:00.000,267.510009765625,270.4700012207031,267.2699890136719,269.92999267578125,104012100,259.2081298828125
2019-02-01 00:00:00.000,270.1499938964844,271.20001220703125,269.17999267578125,270.05999755859375,85782500,259.3330078125
2019-02-04 00:00:00.000,270.1099853515625,272.0299987792969,269.3599853515625,271.9599914550781,60744800,261.157470703125
2019-02-05 00:00:00.000,272.44000244140625,273.44000244140625,271.8800048828125,273.1000061035156,79552800,262.25225830078125
2019-02-06 00:00:00.000,272.7900085449219,273.3399963378906,271.9200134277344,272.739990234375,58347800,261.90655517578125
2019-02-07 00:00:00.000,270.94000244140625,271.54998779296875,268.2900085449219,270.1400146484375,95482000,259.40985107421875
2019-02-08 00:00:00.000,268.75,270.5799865722656,267.8299865722656,270.4700012207031,75788900,259.7267150878906
2019-02-11 00:00:00.000,271.20001220703125,271.489990234375,270.0299987792969,270.6199951171875,68021400,259.8707580566406
2019-02-12 00:00:00.000,272.4200134277344,274.5199890136719,272.3399963378906,274.1000061035156,72270200,263.2125244140625
2019-02-13 00:00:00.000,275.0299987792969,275.92999267578125,274.55999755859375,274.989990234375,65277200,264.067138671875
2019-02-14 00:00:00.000,273.7799987792969,275.6400146484375,272.8699951171875,274.3800048828125,83234400,263.4814147949219
2019-02-15 00:00:00.000,276.3599853515625,277.4100036621094,276.1300048828125,277.3699951171875,97088700,266.35260009765625
2019-02-19 00:00:00.000,276.4800109863281,278.5799865722656,276.4700012207031,277.8500061035156,59120800,266.8135681152344
2019-02-20 00:00:00.000,277.80999755859375,278.9200134277344,277.25,278.4100036621094,76610800,267.351318359375
2019-02-21 00:00:00.000,277.70001220703125,278.1000061035156,276.3500061035156,277.4200134277344,64214700,266.40069580078125
2019-02-22 00:00:00.000,278.1099853515625,279.3599853515625,277.3999938964844,279.1400146484375,78114600,268.0523376464844
2019-02-25 00:00:00.000,280.7300109863281,281.30999755859375,279.42999267578125,279.5199890136719,69030700,268.417236328125
2019-02-26 00:00:00.000,279.1300048828125,280.29998779296875,278.8999938964844,279.32000732421875,56844100,268.2251892089844
2019-02-27 00:00:00.000,278.5199890136719,279.5899963378906,277.4800109863281,279.20001220703125,56921600,268.10992431640625
2019-02-28 00:00:00.000,278.9599914550781,279.45001220703125,278.32000732421875,278.67999267578125,69268300,267.61053466796875
2019-03-01 00:00:00.000,280.44000244140625,280.8800048828125,278.82000732421875,280.4200134277344,78880500,269.2815246582031
2019-03-04 00:00:00.000,281.6000061035156,281.8699951171875,276.8399963378906,279.3999938964844,106494600,268.302001953125
2019-03-05 00:00:00.000,279.5400085449219,279.760009765625,278.4100036621094,279.0199890136719,59114600,267.93707275390625
2019-03-06 00:00:00.000,279.1499938964844,279.1600036621094,276.9700012207031,277.3299865722656,75039800,266.3142395019531
2019-03-07 00:00:00.000,276.8299865722656,276.989990234375,274.07000732421875,275.010009765625,94885100,264.0863342285156
2019-03-08 00:00:00.000,272.94000244140625,274.6499938964844,272.4200134277344,274.4599914550781,85795800,263.5581970214844
2019-03-11 00:00:00.000,275.260009765625,278.6199951171875,275.2300109863281,278.44000244140625,65098900,267.380126953125
2019-03-12 00:00:00.000,279.05999755859375,280.07000732421875,278.8500061035156,279.489990234375,79667500,268.3883972167969
2019-03-13 00:00:00.000,280.4800109863281,282.3800048828125,280.29998779296875,281.3399963378906,80639200,270.16497802734375
2019-03-14 00:00:00.000,281.3699951171875,281.8399963378906,280.6700134277344,281.1600036621094,67518400,269.9920349121094
2019-03-15 00:00:00.000,0.0,0.0,0.0,0.0,0,0.0
2019-03-15 00:00:00.000,280.5400085449219,282.2099914550781,280.3299865722656,281.30999755859375,81309000,271.3260192871094
2019-03-18 00:00:00.000,281.54998779296875,282.6600036621094,281.29998779296875,282.3299865722656,62199800,272.309814453125
2019-03-19 00:00:00.000,283.510009765625,284.3599853515625,281.4100036621094,282.3999938964844,90268100,272.3773193359375
2019-03-20 00:00:00.000,282.1600036621094,283.5,280.32000732421875,281.54998779296875,84609200,271.5574645996094
2019-03-21 00:00:00.000,280.6400146484375,285.17999267578125,280.5899963378906,284.7300109863281,79550400,274.6246643066406
2019-03-22 00:00:00.000,283.2200012207031,283.79998779296875,279.17999267578125,279.25,122659300,269.3391418457031
2019-03-25 00:00:00.000,278.8699951171875,280.19000244140625,277.6400146484375,279.0400085449219,85575200,269.1365661621094
2019-03-26 00:00:00.000,280.989990234375,282.17999267578125,279.55999755859375,281.1199951171875,68125900,271.14276123046875
2019-03-27 00:00:00.000,281.1099853515625,281.760009765625,277.92999267578125,279.6499938964844,72224700,269.7248840332031
2019-03-28 00:00:00.000,280.3500061035156,281.2099914550781,279.07000732421875,280.7099914550781,56238500,270.74725341796875
2019-03-29 00:00:00.000,282.3900146484375,282.8399963378906,281.1400146484375,282.4800109863281,82186800,272.4544982910156
2019-04-01 00:00:00.000,284.70001220703125,286.1600036621094,284.3999938964844,285.8299865722656,77617900,275.68560791015625
2019-04-02 00:00:00.000,286.0400085449219,286.2300109863281,285.0899963378906,285.9700012207031,40070400,275.8206481933594
2019-04-03 00:00:00.000,287.32000732421875,287.760009765625,285.75,286.4200134277344,68243200,276.2546691894531
2019-04-04 00:00:00.000,286.7799987792969,287.4599914550781,286.010009765625,287.17999267578125,48997500,276.9876708984375
2019-04-05 00:00:00.000,287.9200134277344,288.6300048828125,287.6000061035156,288.57000732421875,58621700,278.3283386230469
2019-04-08 00:00:00.000,288.1000061035156,288.9100036621094,287.3699951171875,288.7900085449219,53566300,278.5405578613281
2019-04-09 00:00:00.000,287.7200012207031,288.0799865722656,286.70001220703125,287.30999755859375,66142300,277.1130676269531
2019-04-10 00:00:00.000,287.7699890136719,288.3900146484375,287.30999755859375,288.2900085449219,52601500,278.0583190917969
2019-04-11 00:00:00.000,288.8299865722656,288.8399963378906,287.5799865722656,288.2099914550781,55093100,277.98114013671875
2019-04-12 00:00:00.000,290.0,290.4700012207031,288.260009765625,290.1600036621094,69727800,279.8619384765625
2019-04-15 00:00:00.000,290.239990234375,290.3500061035156,289.0799865722656,289.9700012207031,49596700,279.6786193847656
2019-04-16 00:00:00.000,290.95001220703125,291.010009765625,289.5,290.1600036621094,52153200,279.8619384765625
2019-04-17 00:00:00.000,291.3999938964844,291.42999267578125,288.989990234375,289.45001220703125,58268300,279.1771240234375
2019-04-18 00:00:00.000,290.1000061035156,290.32000732421875,288.6600036621094,290.0199890136719,68708500,279.7268981933594
2019-04-22 00:00:00.000,289.1700134277344,290.44000244140625,289.07000732421875,290.2699890136719,40160100,279.96795654296875
2019-04-23 00:00:00.000,290.67999267578125,293.1400146484375,290.4200134277344,292.8800048828125,52246600,282.4853515625
2019-04-24 00:00:00.000,292.7900085449219,293.1600036621094,292.07000732421875,292.2300109863281,50392900,281.8584289550781
2019-04-25 00:00:00.000,292.1199951171875,292.7799987792969,290.7300109863281,292.04998779296875,57770900,281.6848449707031
2019-04-26 00:00:00.000,292.1000061035156,293.489990234375,291.239990234375,293.4100036621094,50916400,282.99658203125
2019-04-29 00:00:00.000,293.510009765625,294.45001220703125,293.4100036621094,293.8699951171875,57197700,283.4402160644531
2019-04-30 00:00:00.000,293.489990234375,294.3399963378906,291.9200134277344,294.0199890136719,81111700,283.58489990234375
2019-05-01 00:00:00.000,294.7200012207031,294.95001220703125,291.79998779296875,291.80999755859375,71671900,281.453369140625
2019-05-02 00:00:00.000,291.67999267578125,292.70001220703125,289.5199890136719,291.17999267578125,65030200,280.8456726074219
2019-05-03 00:00:00.000,292.82000732421875,294.3399963378906,291.29998779296875,294.0299987792969,56543700,283.5945739746094
2019-05-06 00:00:00.000,289.25,293.30999755859375,288.8999938964844,292.82000732421875,107198100,282.4275207519531
2019-05-07 00:00:00.000,290.1499938964844,290.80999755859375,285.80999755859375,287.92999267578125,144729900,277.7110290527344
2019-05-08 00:00:00.000,287.5299987792969,289.42999267578125,286.8699951171875,287.5299987792969,91568300,277.32525634765625
2019-05-09 00:00:00.000,285.2300109863281,287.3299865722656,283.29998779296875,286.6600036621094,103471100,276.48614501953125
2019-05-10 00:00:00.000,285.6199951171875,288.94000244140625,282.29998779296875,288.1000061035156,112429300,277.87506103515625
2019-05-13 00:00:00.000,282.4200134277344,283.489990234375,279.92999267578125,280.8599853515625,127290500,270.8919677734375
2019-05-14 00:00:00.000,281.989990234375,285.1000061035156,281.8500061035156,283.3999938964844,77003200,273.3418273925781
2019-05-15 00:00:00.000,281.5899963378906,285.7699890136719,281.3599853515625,285.05999755859375,73956400,274.9429016113281
2019-05-16 00:00:00.000,285.8399963378906,289.2099914550781,285.760009765625,287.70001220703125,76749600,277.4892272949219
2019-05-17 00:00:00.000,285.1400146484375,288.6000061035156,285.1199951171875,285.8399963378906,100353000,275.6951904296875
2019-05-20 00:00:00.000,284.05999755859375,285.9599914550781,283.1199951171875,283.95001220703125,62877600,273.8723449707031
2019-05-21 00:00:00.000,285.8299865722656,286.92999267578125,285.54998779296875,286.510009765625,46847100,276.3414306640625
2019-05-22 00:00:00.000,285.45001220703125,286.69000244140625,285.1000061035156,285.6300048828125,49482500,275.49267578125
2019-05-23 00:00:00.000,283.1600036621094,283.2099914550781,280.57000732421875,282.1400146484375,98733800,272.12652587890625
2019-05-24 00:00:00.000,283.739990234375,284.20001220703125,282.0899963378906,282.7799987792969,55268100,272.74383544921875
2019-05-28 00:00:00.000,283.0899963378906,284.1499938964844,280.1300048828125,280.1499938964844,70029400,270.2071533203125
2019-05-29 00:00:00.000,278.9100036621094,279.3599853515625,276.7099914550781,278.2699890136719,104972900,268.3939514160156
2019-05-30 00:00:00.000,279.1099853515625,280.0400085449219,277.80999755859375,279.0299987792969,62523800,269.1269226074219
2019-05-31 00:00:00.000,276.20001220703125,277.1199951171875,275.239990234375,275.2699890136719,86862800,265.5003967285156
2019-06-03 00:00:00.000,275.30999755859375,276.54998779296875,273.0899963378906,274.57000732421875,96428000,264.8251953125
2019-06-04 00:00:00.000,277.1199951171875,280.67999267578125,276.6199951171875,280.5299987792969,77231900,270.57366943359375
2019-06-05 00:00:00.000,282.3299865722656,282.989990234375,280.32000732421875,282.9599914550781,71169700,272.9174499511719
2019-06-06 00:00:00.000,283.2900085449219,285.54998779296875,282.57000732421875,284.79998779296875,69430400,274.6921081542969
2019-06-07 00:00:00.000,285.92999267578125,288.8500061035156,285.739990234375,287.6499938964844,74272200,277.44097900390625
2019-06-10 00:00:00.000,289.3699951171875,290.82000732421875,288.8699951171875,288.9700012207031,60799100,278.714111328125
2019-06-11 00:00:00.000,290.989990234375,291.3999938964844,288.17999267578125,288.8999938964844,58641300,278.6466369628906
2019-06-12 00:00:00.000,288.6400146484375,289.260009765625,287.82000732421875,288.3900146484375,47096300,278.1547546386719
2019-06-13 00:00:00.000,289.3999938964844,289.9800109863281,288.6199951171875,289.5799865722656,48945200,279.3024597167969
2019-06-14 00:00:00.000,289.260009765625,289.92999267578125,288.4100036621094,289.260009765625,52324700,278.9938659667969
2019-06-17 00:00:00.000,289.5199890136719,290.2200012207031,289.17999267578125,289.3699951171875,39205700,279.1000061035156
2019-06-18 00:00:00.000,291.3900146484375,293.57000732421875,290.989990234375,292.3999938964844,85434800,282.0224304199219
2019-06-19 00:00:00.000,292.54998779296875,293.6499938964844,291.4700012207031,293.05999755859375,78674400,282.65899658203125
2019-06-20 00:00:00.000,296.0400085449219,296.30999755859375,293.1300048828125,295.8599853515625,116570000,285.3595886230469
2019-06-21 00:00:00.000,0.0,0.0,0.0,0.0,0,0.0
2019-06-21 00:00:00.000,294.1300048828125,295.5199890136719,293.760009765625,294.0,83309500,284.94482421875
2019-06-24 00:00:00.000,294.2300109863281,294.5799865722656,293.4700012207031,293.6400146484375,47582700,284.5959167480469
2019-06-25 00:00:00.000,293.70001220703125,293.7300109863281,290.6400146484375,290.760009765625,82028700,281.8045654296875
2019-06-26 00:00:00.000,291.75,292.30999755859375,290.3500061035156,290.4700012207031,51584900,281.52349853515625
2019-06-27 00:00:00.000,291.30999755859375,292.05999755859375,290.8900146484375,291.5,40355200,282.52178955078125
2019-06-28 00:00:00.000,292.5799865722656,293.54998779296875,292.010009765625,293.0,59350900,283.9755859375
2019-07-01 00:00:00.000,296.67999267578125,296.9200134277344,294.3299865722656,295.6600036621094,78705600,286.5536804199219
2019-07-02 00:00:00.000,295.6099853515625,296.489990234375,294.67999267578125,296.42999267578125,61504500,287.29998779296875
2019-07-03 00:00:00.000,297.17999267578125,298.82000732421875,297.0199890136719,298.79998779296875,40898900,289.5969543457031
2019-07-05 00:00:00.000,297.44000244140625,298.6400146484375,296.010009765625,298.4599914550781,51677300,289.2674255371094
2019-07-08 00:00:00.000,297.010009765625,298.260009765625,296.2200012207031,296.82000732421875,45841800,287.677978515625
2019-07-09 00:00:00.000,295.5400085449219,297.5199890136719,295.4800109863281,297.19000244140625,41101300,288.0365295410156
2019-07-10 00:00:00.000,298.3699951171875,299.6600036621094,297.7799987792969,298.6099853515625,58448500,289.4128112792969
2019-07-11 00:00:00.000,299.32000732421875,299.5799865722656,298.20001220703125,299.30999755859375,50826100,290.0912170410156
2019-07-12 00:00:00.000,299.8500061035156,300.7300109863281,299.510009765625,300.6499938964844,40326000,291.3899841308594
2019-07-15 00:00:00.000,301.1300048828125,301.1300048828125,300.19000244140625,300.75,33900000,291.4868469238281
2019-07-16 00:00:00.000,300.6499938964844,300.8800048828125,299.44000244140625,299.7799987792969,36650100,290.54681396484375
2019-07-17 00:00:00.000,299.75,299.92999267578125,297.739990234375,297.739990234375,36036300,288.569580078125
2019-07-18 00:00:00.000,297.19000244140625,299.25,296.70001220703125,298.8299865722656,51392600,289.62603759765625
2019-07-19 00:00:00.000,300.0400085449219,300.07000732421875,296.9800109863281,297.1700134277344,58678600,288.01715087890625
2019-07-22 00:00:00.000,297.6099853515625,298.5,297.0400085449219,297.8999938964844,43638100,288.7246398925781
2019-07-23 00:00:00.000,299.1400146484375,300.0299987792969,298.2200012207031,300.0299987792969,44564500,290.7890930175781
2019-07-24 00:00:00.000,299.19000244140625,301.44000244140625,299.0899963378906,301.44000244140625,47213200,292.1556396484375
2019-07-25 00:00:00.000,300.94000244140625,301.0,299.1099853515625,300.0,55394100,290.760009765625
2019-07-26 00:00:00.000,300.760009765625,302.2300109863281,300.6199951171875,302.010009765625,45084100,292.7080383300781
2019-07-29 00:00:00.000,301.8800048828125,302.010009765625,300.8500061035156,301.4599914550781,38126500,292.17498779296875
2019-07-30 00:00:00.000,299.9100036621094,301.1700134277344,299.489990234375,300.7200012207031,45849000,291.45782470703125
2019-07-31 00:00:00.000,300.989990234375,301.20001220703125,295.20001220703125,297.42999267578125,104245200,288.2691650390625
2019-08-01 00:00:00.000,297.6000061035156,300.8699951171875,293.9599914550781,294.8399963378906,142646600,285.7589416503906
2019-08-02 00:00:00.000,293.8500061035156,294.1199951171875,290.8999938964844,292.6199951171875,116749700,283.6073303222656
2019-08-05 00:00:00.000,288.0899963378906,288.2099914550781,281.7200012207031,283.82000732421875,178745400,275.078369140625
2019-08-06 00:00:00.000,285.9100036621094,288.0400085449219,284.2799987792969,287.79998779296875,120711700,278.9357604980469
2019-08-07 00:00:00.000,284.3999938964844,288.82000732421875,282.0400085449219,287.9700012207031,140572300,279.1005554199219
2019-08-08 00:00:00.000,289.6199951171875,293.6199951171875,289.010009765625,293.6199951171875,87713900,284.57647705078125
2019-08-09 00:00:00.000,292.5799865722656,293.239990234375,289.6499938964844,291.6199951171875,93730000,282.6380615234375
2019-08-12 00:00:00.000,289.9599914550781,291.6099853515625,287.0199890136719,288.07000732421875,65527600,279.1974792480469
2019-08-13 00:00:00.000,287.739990234375,294.1499938964844,287.3599853515625,292.54998779296875,94299800,283.5393981933594
2019-08-14 00:00:00.000,288.07000732421875,288.739990234375,283.760009765625,283.8999938964844,135622100,275.1558532714844
2019-08-15 00:00:00.000,284.8800048828125,285.6400146484375,282.3900146484375,284.6499938964844,99556600,275.8827819824219
2019-08-16 00:00:00.000,286.4800109863281,289.3299865722656,284.7099914550781,288.8500061035156,83018300,279.9533996582031
2019-08-19 00:00:00.000,292.19000244140625,293.0799865722656,291.44000244140625,292.3299865722656,53571800,283.32623291015625
2019-08-20 00:00:00.000,291.7699890136719,292.3599853515625,289.95001220703125,290.0899963378906,51596400,281.15521240234375
2019-08-21 00:00:00.000,292.4800109863281,292.8599853515625,291.7200012207031,292.45001220703125,49524700,283.4425354003906
2019-08-22 00:00:00.000,293.2300109863281,293.92999267578125,290.3999938964844,292.3599853515625,51666400,283.35528564453125
2019-08-23 00:00:00.000,290.9200134277344,292.760009765625,283.4700012207031,284.8500061035156,149161500,276.07659912109375
2019-08-26 00:00:00.000,287.2699890136719,288.0,285.5799865722656,288.0,72423800,279.1296081542969
2019-08-27 00:00:00.000,289.5400085449219,289.95001220703125,286.0299987792969,286.8699951171875,66668900,278.034423828125
2019-08-28 00:00:00.000,286.1400146484375,289.07000732421875,285.25,288.8900146484375,59696700,279.9922180175781
2019-08-29 00:00:00.000,291.7200012207031,293.1600036621094,290.6099853515625,292.5799865722656,57899400,283.5685119628906
2019-08-30 00:00:00.000,294.2200012207031,294.239990234375,291.4200134277344,292.45001220703125,62901200,283.4425354003906
2019-09-03 00:00:00.000,290.57000732421875,291.5799865722656,289.2699890136719,290.739990234375,69101400,281.7851867675781
2019-09-04 00:00:00.000,293.1400146484375,294.05999755859375,292.30999755859375,294.0400085449219,46887300,284.98358154296875
2019-09-05 00:00:00.000,296.7900085449219,298.8299865722656,294.0,297.82000732421875,83258100,288.6471252441406
2019-09-06 00:00:00.000,298.1700134277344,298.760009765625,297.4200134277344,298.04998779296875,49584300,288.8700866699219
2019-09-09 00:00:00.000,299.1400146484375,299.239990234375,297.1600036621094,298.20001220703125,51260300,289.0154113769531
2019-09-10 00:00:00.000,297.3599853515625,298.20001220703125,295.9700012207031,298.1300048828125,57947100,288.94757080078125
2019-09-11 00:00:00.000,298.4700012207031,300.3399963378906,297.75,300.25,68821100,291.0022888183594
2019-09-12 00:00:00.000,301.25,302.4599914550781,300.4100036621094,301.2900085449219,72908700,292.0102844238281
2019-09-13 00:00:00.000,301.7799987792969,302.1700134277344,300.67999267578125,301.0899963378906,62104800,291.8164367675781
2019-09-16 00:00:00.000,299.8399963378906,301.1400146484375,299.45001220703125,300.1600036621094,58191200,290.9150695800781
2019-09-17 00:00:00.000,299.94000244140625,301.0199890136719,299.75,300.9200134277344,41475500,291.65167236328125
2019-09-18 00:00:00.000,300.489990234375,301.2200012207031,298.239990234375,301.1000061035156,73375800,291.82611083984375
2019-09-19 00:00:00.000,301.5299987792969,302.6300048828125,300.7099914550781,301.0799865722656,76560500,291.80670166015625
2019-09-20 00:00:00.000,0.0,0.0,0.0,0.0,0,0.0
2019-09-20 00:00:00.000,300.3599853515625,300.6700134277344,297.4100036621094,298.2799987792969,89565000,290.4280090332031
2019-09-23 00:00:00.000,297.54998779296875,299.0,297.2699890136719,298.2099914550781,43476800,290.3598327636719
2019-09-24 00:00:00.000,299.4100036621094,299.8399963378906,294.80999755859375,295.8699951171875,94869400,288.08148193359375
2019-09-25 00:00:00.000,295.9599914550781,298.1099853515625,294.3299865722656,297.6199951171875,71854000,289.7853698730469
2019-09-26 00:00:00.000,297.6300048828125,297.8599853515625,295.45001220703125,297.0,56179700,289.18170166015625
2019-09-27 00:00:00.000,297.8299865722656,297.95001220703125,293.69000244140625,295.3999938964844,84746600,287.6238098144531
2019-09-30 00:00:00.000,295.9700012207031,297.54998779296875,295.9200134277344,296.7699890136719,51662400,288.957763671875
2019-10-01 00:00:00.000,297.739990234375,298.4599914550781,293.0,293.239990234375,88242400,285.5206298828125
2019-10-02 00:00:00.000,291.5,291.510009765625,286.6400146484375,288.05999755859375,122539500,280.47705078125
2019-10-03 00:00:00.000,287.80999755859375,290.45001220703125,284.82000732421875,290.4200134277344,85278800,282.7749328613281
2019-10-04 00:00:00.000,291.1400146484375,294.6300048828125,291.0799865722656,294.3500061035156,65091200,286.6014709472656
2019-10-07 00:00:00.000,293.4700012207031,295.260009765625,292.7699890136719,293.0799865722656,59610500,285.3648376464844
2019-10-08 00:00:00.000,291.0400085449219,291.8500061035156,288.489990234375,288.5299987792969,95708100,280.9346618652344
2019-10-09 00:00:00.000,290.75,292.29998779296875,290.05999755859375,291.2699890136719,62359400,283.6025390625
2019-10-10 00:00:00.000,291.17999267578125,294.2099914550781,291.0,293.239990234375,55296300,285.5206298828125
2019-10-11 00:00:00.000,296.2699890136719,298.739990234375,296.1400146484375,296.2799987792969,98720400,288.4806213378906
2019-10-14 00:00:00.000,295.92999267578125,296.6700134277344,295.57000732421875,295.95001220703125,40394800,288.1593322753906
2019-10-15 00:00:00.000,297.1000061035156,299.70001220703125,296.9700012207031,298.8800048828125,46754500,291.01220703125
2019-10-16 00:00:00.000,298.3699951171875,299.1600036621094,297.9200134277344,298.3999938964844,48928200,290.54486083984375
2019-10-17 00:00:00.000,299.67999267578125,300.239990234375,298.5199890136719,299.2799987792969,45736600,291.40167236328125
2019-10-18 00:00:00.000,298.69000244140625,299.3999938964844,297.0299987792969,297.9700012207031,64304000,290.12615966796875
2019-10-21 00:00:00.000,299.4200134277344,300.2099914550781,298.94000244140625,299.989990234375,39048600,292.09295654296875
2019-10-22 00:00:00.000,300.5799865722656,300.8999938964844,298.9100036621094,299.010009765625,48594700,291.13873291015625
2019-10-23 00:00:00.000,298.7300109863281,299.94000244140625,298.5,299.8800048828125,34352200,291.98590087890625
2019-10-24 00:00:00.000,300.9100036621094,301.07000732421875,299.4599914550781,300.3699951171875,35453100,292.4630126953125
2019-10-25 00:00:00.000,299.739990234375,302.20001220703125,299.67999267578125,301.6000061035156,45205400,293.6606140136719
2019-10-28 00:00:00.000,302.94000244140625,303.8500061035156,302.9100036621094,303.29998779296875,42147000,295.3158264160156
2019-10-29 00:00:00.000,303.0,304.2300109863281,302.8599853515625,303.2099914550781,44284900,295.2281799316406
2019-10-30 00:00:00.000,303.42999267578125,304.54998779296875,301.989990234375,304.1400146484375,49643900,296.1337585449219
2019-10-31 00:00:00.000,304.1300048828125,304.1300048828125,301.7300109863281,303.3299865722656,69053800,295.3450622558594
2019-11-01 00:00:00.000,304.9200134277344,306.19000244140625,304.739990234375,306.1400146484375,71141500,298.0811462402344
2019-11-04 00:00:00.000,307.8500061035156,308.0,306.9599914550781,307.3699951171875,60606900,299.2787170410156
2019-11-05 00:00:00.000,307.5899963378906,307.9200134277344,306.7099914550781,307.0299987792969,42933200,298.9476623535156
2019-11-06 00:00:00.000,307.0299987792969,307.3999938964844,306.05999755859375,307.1000061035156,46487100,299.01580810546875
2019-11-07 00:00:00.000,308.57000732421875,309.6499938964844,307.6600036621094,308.17999267578125,54272300,300.0674133300781
2019-11-08 00:00:00.000,307.79998779296875,309.0,307.0299987792969,308.94000244140625,49032100,300.80743408203125
2019-11-11 00:00:00.000,307.4200134277344,308.5400085449219,307.2699890136719,308.3500061035156,35797300,300.2329406738281
2019-11-12 00:00:00.000,308.75,309.989990234375,308.1499938964844,309.0,46484600,300.8657531738281
2019-11-13 00:00:00.000,307.9100036621094,309.5400085449219,307.6600036621094,309.1000061035156,53917700,300.9631652832031
2019-11-14 00:00:00.000,308.7900085449219,309.6400146484375,308.0899963378906,309.54998779296875,51219900,301.40130615234375
2019-11-15 00:00:00.000,311.0199890136719,311.8399963378906,310.260009765625,311.7900085449219,62023600,303.5823669433594
2019-11-18 00:00:00.000,311.5299987792969,312.2799987792969,311.0299987792969,312.0199890136719,49228000,303.8062744140625
2019-11-19 00:00:00.000,312.67999267578125,312.69000244140625,311.2200012207031,311.92999267578125,67804700,303.71868896484375
2019-11-20 00:00:00.000,311.2799987792969,311.8500061035156,309.05999755859375,310.7699890136719,79406200,302.5892333984375
2019-11-21 00:00:00.000,310.8900146484375,311.010009765625,309.3900146484375,310.2699890136719,54664700,302.10235595703125
2019-11-22 00:00:00.000,311.0899963378906,311.239990234375,309.8500061035156,310.9599914550781,44850200,302.77423095703125
2019-11-25 00:00:00.000,311.9800109863281,313.3699951171875,311.9800109863281,313.3699951171875,48647200,305.12078857421875
2019-11-26 00:00:00.000,313.4100036621094,314.2799987792969,313.05999755859375,314.0799865722656,37569000,305.81207275390625
2019-11-27 00:00:00.000,314.6099853515625,315.4800109863281,314.3699951171875,315.4800109863281,44444600,307.1752624511719
2019-11-29 00:00:00.000,314.8599853515625,315.1300048828125,314.05999755859375,314.30999755859375,36592700,306.0360107421875
2019-12-02 00:00:00.000,314.5899963378906,314.6600036621094,311.1700134277344,311.6400146484375,75767800,303.4363098144531
2019-12-03 00:00:00.000,308.6499938964844,309.6400146484375,307.1300048828125,309.54998779296875,73941700,301.40130615234375
2019-12-04 00:00:00.000,310.70001220703125,312.1199951171875,310.32000732421875,311.4599914550781,49080000,303.2610168457031
2019-12-05 00:00:00.000,312.2300109863281,312.25,310.5799865722656,312.0199890136719,40709000,303.8062744140625
2019-12-06 00:00:00.000,314.1199951171875,315.30999755859375,314.1099853515625,314.8699951171875,48927000,306.5812683105469
2019-12-09 00:00:00.000,314.44000244140625,315.17999267578125,313.79998779296875,313.8800048828125,34838500,305.6173400878906
2019-12-10 00:00:00.000,313.82000732421875,314.54998779296875,312.80999755859375,313.5299987792969,52649800,305.27655029296875
2019-12-11 00:00:00.000,314.0299987792969,314.70001220703125,313.44000244140625,314.4200134277344,53429100,306.14312744140625
2019-12-12 00:00:00.000,314.42999267578125,317.989990234375,314.1700134277344,317.1300048828125,96389600,308.78179931640625
2019-12-13 00:00:00.000,316.8699951171875,318.6700134277344,316.0199890136719,317.32000732421875,81503900,308.966796875
2019-12-16 00:00:00.000,319.2200012207031,320.1499938964844,317.25,319.5,82749700,311.0893859863281
2019-12-17 00:00:00.000,319.9200134277344,320.25,319.4800109863281,319.57000732421875,61097700,311.1575622558594
2019-12-18 00:00:00.000,320.0,320.25,319.5299987792969,319.5899963378906,48133000,311.1770324707031
2019-12-19 00:00:00.000,319.79998779296875,320.9800109863281,319.5199890136719,320.8999938964844,85310500,312.4525451660156
2019-12-20 00:00:00.000,0.0,0.0,0.0,0.0,0,0.0
2019-12-20 00:00:00.000,320.4599914550781,321.9700012207031,319.3900146484375,320.7300109863281,147142100,313.8224182128906
2019-12-23 00:00:00.000,321.5899963378906,321.6499938964844,321.05999755859375,321.2200012207031,52990000,314.3018493652344
2019-12-24 00:00:00.000,321.4700012207031,321.5199890136719,320.8999938964844,321.2300109863281,20270000,314.3116455078125
2019-12-26 00:00:00.000,321.6499938964844,322.95001220703125,321.6400146484375,322.94000244140625,30911200,315.98480224609375
2019-12-27 00:00:00.000,323.739990234375,323.79998779296875,322.2799987792969,322.8599853515625,42528800,315.906494140625
2019-12-30 00:00:00.000,322.95001220703125,323.1000061035156,320.54998779296875,321.0799865722656,49729100,314.16485595703125
2019-12-31 00:00:00.000,320.5299987792969,322.1300048828125,320.1499938964844,321.8599853515625,57077300,314.92803955078125
2020-01-02 00:00:00.000,323.5400085449219,324.8900146484375,322.5299987792969,324.8699951171875,59151200,317.8731994628906
2020-01-03 00:00:00.000,321.1600036621094,323.6400146484375,321.1000061035156,322.4100036621094,77709700,315.4662170410156
2020-01-06 00:00:00.000,320.489990234375,323.7300109863281,320.3599853515625,323.6400146484375,55653900,316.66973876953125
2020-01-07 00:00:00.000,323.0199890136719,323.5400085449219,322.239990234375,322.7300109863281,40496400,315.7793273925781
2020-01-08 00:00:00.000,322.94000244140625,325.7799987792969,322.6700134277344,324.45001220703125,68296000,317.4623107910156
2020-01-09 00:00:00.000,326.1600036621094,326.7300109863281,325.5199890136719,326.6499938964844,48473300,319.6148681640625
2020-01-10 00:00:00.000,327.2900085449219,327.4599914550781,325.20001220703125,325.7099914550781,53029300,318.69512939453125
2020-01-13 00:00:00.000,326.3900146484375,327.9599914550781,325.9200134277344,327.95001220703125,47086800,320.8868713378906
2020-01-14 00:00:00.000,327.4700012207031,328.6199951171875,326.8399963378906,327.45001220703125,62832800,320.3976745605469
2020-01-15 00:00:00.000,327.3500061035156,329.0199890136719,327.260009765625,328.19000244140625,72056600,321.1217041015625
2020-01-16 00:00:00.000,329.70001220703125,330.9200134277344,329.45001220703125,330.9200134277344,54050300,323.7929382324219
2020-01-17 00:00:00.000,331.70001220703125,332.17999267578125,330.8500061035156,331.95001220703125,95846000,324.80078125
2020-01-21 00:00:00.000,330.8999938964844,332.17999267578125,330.82000732421875,331.29998779296875,77742400,324.1647644042969
2020-01-22 00:00:00.000,332.239990234375,332.95001220703125,331.1700134277344,331.3399963378906,48914900,324.203857421875
2020-01-23 00:00:00.000,330.6300048828125,332.1700134277344,329.4100036621094,331.7200012207031,51963000,324.5757141113281
2020-01-24 00:00:00.000,332.44000244140625,332.5299987792969,327.3599853515625,328.7699890136719,87578400,321.689208984375
2020-01-27 00:00:00.000,323.0299987792969,325.1199951171875,322.6600036621094,323.5,84062500,316.5327453613281
2020-01-28 00:00:00.000,325.05999755859375,327.8500061035156,323.6000061035156,326.8900146484375,63834000,319.8497314453125
2020-01-29 00:00:00.000,328.3800048828125,328.6300048828125,326.3999938964844,326.6199951171875,53888900,319.58551025390625
2020-01-30 00:00:00.000,324.3599853515625,327.9100036621094,323.5400085449219,327.67999267578125,75491800,320.6227111816406
2020-01-31 00:00:00.000,327.0,327.1700134277344,320.7300109863281,321.7300109863281,113845600,314.8008728027344
2020-02-03 00:00:00.000,323.3500061035156,326.1600036621094,323.2200012207031,324.1199951171875,69242300,317.139404296875
2020-02-04 00:00:00.000,328.07000732421875,330.010009765625,327.7200012207031,329.05999755859375,62573200,321.97296142578125
2020-02-05 00:00:00.000,332.2699890136719,333.0899963378906,330.6700134277344,332.8599853515625,65951100,325.6911315917969
2020-02-06 00:00:00.000,333.9100036621094,334.19000244140625,332.79998779296875,333.9800109863281,50359700,326.7870178222656
2020-02-07 00:00:00.000,332.82000732421875,333.989990234375,331.6000061035156,332.20001220703125,64139400,325.04534912109375
2020-02-10 00:00:00.000,331.2300109863281,334.75,331.19000244140625,334.67999267578125,42070000,327.4719543457031
2020-02-11 00:00:00.000,336.1600036621094,337.0199890136719,334.67999267578125,335.260009765625,54864500,328.0394592285156
2020-02-12 00:00:00.000,336.8299865722656,337.6499938964844,336.42999267578125,337.4200134277344,43992700,330.1529541015625
2020-02-13 00:00:00.000,335.8599853515625,338.1199951171875,335.55999755859375,337.05999755859375,54501900,329.8006896972656
2020-02-14 00:00:00.000,337.510009765625,337.7300109863281,336.20001220703125,337.6000061035156,64582200,330.3290710449219
2020-02-18 00:00:00.000,336.510009765625,337.6700134277344,335.2099914550781,336.7300109863281,57226200,329.477783203125
2020-02-19 00:00:00.000,337.7900085449219,339.0799865722656,337.4800109863281,338.3399963378906,48814700,331.0530700683594
2020-02-20 00:00:00.000,337.739990234375,338.6400146484375,333.67999267578125,336.95001220703125,74163400,329.6930847167969
2020-02-21 00:00:00.000,335.4700012207031,335.80999755859375,332.5799865722656,333.4800109863281,113788200,326.2978210449219
2020-02-24 00:00:00.000,323.1400146484375,333.55999755859375,321.239990234375,322.4200134277344,161088400,315.4759826660156
2020-02-25 00:00:00.000,323.94000244140625,324.6099853515625,311.69000244140625,312.6499938964844,218913200,305.9163818359375
2020-02-26 00:00:00.000,314.17999267578125,318.1099853515625,310.70001220703125,311.5,194773800,304.79119873046875
2020-02-27 00:00:00.000,305.4599914550781,311.55999755859375,297.510009765625,297.510009765625,284353500,291.1025085449219
2020-02-28 00:00:00.000,288.70001220703125,297.8900146484375,285.5400085449219,296.260009765625,385764000,289.87939453125
2020-03-02 00:00:00.000,298.2099914550781,309.1600036621094,294.4599914550781,309.0899963378906,238703600,302.43304443359375
2020-03-03 00:00:00.000,309.5,313.8399963378906,297.57000732421875,300.239990234375,300139100,293.773681640625
2020-03-04 00:00:00.000,306.1199951171875,313.1000061035156,303.3299865722656,312.8599853515625,176613400,306.1218566894531
2020-03-05 00:00:00.000,304.9800109863281,308.4700012207031,300.010009765625,302.4599914550781,186366800,295.94586181640625
2020-03-06 00:00:00.000,293.1499938964844,298.7799987792969,290.2300109863281,297.4599914550781,228667200,291.0535583496094
2020-03-09 00:00:00.000,275.29998779296875,284.19000244140625,273.45001220703125,274.2300109863281,309417300,268.3238830566406
2020-03-10 00:00:00.000,284.6400146484375,288.5199890136719,273.5,288.4200134277344,276444100,282.2082824707031
2020-03-11 00:00:00.000,280.70001220703125,281.94000244140625,270.8800048828125,274.3599853515625,255316300,268.4510803222656
2020-03-12 00:00:00.000,256.0,266.6600036621094,247.67999267578125,248.11000061035156,392220700,242.76641845703125
2020-03-13 00:00:00.000,263.0899963378906,271.4800109863281,248.52000427246094,269.32000732421875,329566100,263.51959228515625
2020-03-16 00:00:00.000,241.17999267578125,256.8999938964844,237.36000061035156,239.85000610351562,297240000,234.684326171875
2020-03-17 00:00:00.000,245.0399932861328,256.1700134277344,237.07000732421875,252.8000030517578,262070500,247.35540771484375
2020-03-18 00:00:00.000,236.25,248.3699951171875,228.02000427246094,240.0,327597100,234.83106994628906
2020-03-19 00:00:00.000,239.25,247.3800048828125,232.22000122070312,240.50999450683594,289322000,235.330078125
2020-03-20 00:00:00.000,0.0,0.0,0.0,0.0,0,0.0
2020-03-20 00:00:00.000,242.52999877929688,244.47000122070312,228.5,228.8000030517578,347158800,225.18873596191406
2020-03-23 00:00:00.000,228.19000244140625,229.67999267578125,218.25999450683594,222.9499969482422,326025200,219.43106079101562
2020-03-24 00:00:00.000,234.4199981689453,244.10000610351562,233.8000030517578,243.14999389648438,235494500,239.31224060058594
2020-03-25 00:00:00.000,244.8699951171875,256.3500061035156,239.75,246.7899932861328,299430300,242.89479064941406
2020-03-26 00:00:00.000,249.52000427246094,262.79998779296875,249.0500030517578,261.20001220703125,257632800,257.0773620605469
2020-03-27 00:00:00.000,253.27000427246094,260.80999755859375,251.0500030517578,253.4199981689453,224341200,249.42013549804688
2020-03-30 00:00:00.000,255.6999969482422,262.42999267578125,253.52999877929688,261.6499938964844,171369500,257.5202331542969
2020-03-31 00:00:00.000,260.55999755859375,263.3299865722656,256.2200012207031,257.75,194881100,253.6818084716797
2020-04-01 00:00:00.000,247.97999572753906,257.6600036621094,243.89999389648438,246.14999389648438,189554600,242.264892578125
2020-04-02 00:00:00.000,245.19000244140625,252.67999267578125,244.58999633789062,251.8300018310547,177660400,247.85525512695312
2020-04-03 00:00:00.000,250.75999450683594,253.32000732421875,245.22000122070312,248.19000244140625,135561200,244.272705078125
2020-04-06 00:00:00.000,257.8399963378906,267.0,248.1699981689453,264.8599853515625,188061200,260.6795654296875
2020-04-07 00:00:00.000,274.2099914550781,275.0299987792969,264.8900146484375,265.1300048828125,201427200,260.9453430175781
2020-04-08 00:00:00.000,267.9599914550781,276.0,265.25,274.0299987792969,153774500,269.704833984375
2020-04-09 00:00:00.000,277.5799865722656,281.20001220703125,275.4700012207031,278.20001220703125,190282700,273.80902099609375
2020-04-13 00:00:00.000,277.1400146484375,277.510009765625,271.4100036621094,275.6600036621094,114839100,271.3091125488281
2020-04-14 00:00:00.000,280.9800109863281,284.8999938964844,275.510009765625,283.7900085449219,134143400,279.3108215332031
2020-04-15 00:00:00.000,277.57000732421875,283.94000244140625,275.4599914550781,277.760009765625,121775000,273.3759765625
2020-04-16 00:00:00.000,279.1499938964844,280.0299987792969,275.760009765625,279.1000061035156,131798300,274.69482421875
2020-04-17 00:00:00.000,285.3800048828125,287.29998779296875,282.3999938964844,286.6400146484375,146684800,282.11578369140625
2020-04-20 00:00:00.000,282.6099853515625,286.7900085449219,281.3500061035156,281.5899963378906,100109300,277.1455078125
2020-04-21 00:00:00.000,276.7300109863281,278.0400085449219,272.0199890136719,273.0400085449219,126385700,268.73046875
2020-04-22 00:00:00.000,278.3500061035156,281.0,276.9100036621094,279.1000061035156,93524600,274.69482421875
2020-04-23 00:00:00.000,280.489990234375,283.94000244140625,278.75,279.0799865722656,104709700,274.67510986328125
2020-04-24 00:00:00.000,280.7300109863281,283.70001220703125,278.5,282.9700012207031,85166000,278.5037536621094
2020-04-27 00:00:00.000,285.1199951171875,288.2699890136719,284.6199951171875,287.04998779296875,77896600,282.51934814453125
2020-04-28 00:00:00.000,291.0199890136719,291.3999938964844,285.3999938964844,285.7300109863281,105270000,281.2201843261719
2020-04-29 00:00:00.000,291.5299987792969,294.8800048828125,290.4100036621094,293.2099914550781,118745600,288.58209228515625
2020-04-30 00:00:00.000,291.7099914550781,293.32000732421875,288.5899963378906,290.4800109863281,122901700,285.8952331542969
2020-05-01 00:00:00.000,285.30999755859375,290.6600036621094,281.5199890136719,282.7900085449219,125180000,278.3265686035156
2020-05-04 00:00:00.000,280.739990234375,283.8999938964844,279.1300048828125,283.57000732421875,80873200,279.09429931640625
2020-05-05 00:00:00.000,286.6400146484375,289.25,283.7099914550781,286.19000244140625,79569900,281.67291259765625
2020-05-06 00:00:00.000,288.0400085449219,288.4599914550781,283.7799987792969,284.25,73632600,279.7635498046875
2020-05-07 00:00:00.000,287.75,289.7799987792969,287.1300048828125,287.67999267578125,75250400,283.139404296875
2020-05-08 00:00:00.000,291.0899963378906,292.95001220703125,289.8599853515625,292.44000244140625,76622100,287.82427978515625
2020-05-11 00:00:00.000,290.3399963378906,294.0,289.8800048828125,292.5,79514200,287.88330078125
2020-05-12 00:00:00.000,293.7900085449219,294.239990234375,286.5199890136719,286.6700134277344,95870800,282.1453552246094
2020-05-13 00:00:00.000,286.05999755859375,287.19000244140625,278.9599914550781,281.6000061035156,144721100,277.1553649902344
2020-05-14 00:00:00.000,278.95001220703125,285.1099853515625,272.989990234375,284.9700012207031,121977900,280.4721984863281
2020-05-15 00:00:00.000,282.3699951171875,286.3299865722656,281.3399963378906,286.2799987792969,111146300,281.76153564453125
2020-05-18 00:00:00.000,293.04998779296875,296.75,292.70001220703125,295.0,120320200,290.3438415527344
2020-05-19 00:00:00.000,294.3500061035156,296.2099914550781,291.95001220703125,291.9700012207031,95189300,287.3616638183594
2020-05-20 00:00:00.000,295.82000732421875,297.8699951171875,295.57000732421875,296.92999267578125,85861700,292.243408203125
2020-05-21 00:00:00.000,296.7900085449219,297.6700134277344,293.69000244140625,294.8800048828125,78293900,290.22576904296875
2020-05-22 00:00:00.000,294.57000732421875,295.6300048828125,293.2200012207031,295.44000244140625,63958200,290.7769470214844
2020-05-26 00:00:00.000,301.92999267578125,302.19000244140625,295.4599914550781,299.0799865722656,88951400,294.35943603515625
2020-05-27 00:00:00.000,302.1199951171875,303.57000732421875,296.8699951171875,303.5299987792969,104817400,298.7392272949219
2020-05-28 00:00:00.000,304.6499938964844,306.8399963378906,302.239990234375,302.9700012207031,90405200,298.1880798339844
2020-05-29 00:00:00.000,302.4599914550781,304.9599914550781,299.4700012207031,304.32000732421875,119265700,299.51678466796875
2020-06-01 00:00:00.000,303.6199951171875,306.2099914550781,303.05999755859375,305.54998779296875,55758300,300.7273254394531
2020-06-02 00:00:00.000,306.54998779296875,308.1300048828125,305.1000061035156,308.0799865722656,74267200,303.2173767089844
2020-06-03 00:00:00.000,310.239990234375,313.2200012207031,309.94000244140625,312.17999267578125,92567600,307.2527160644531
2020-06-04 00:00:00.000,311.1099853515625,313.0,309.0799865722656,311.3599853515625,75794400,306.44561767578125
2020-06-05 00:00:00.000,317.2300109863281,321.2699890136719,317.1600036621094,319.3399963378906,150524700,314.2996520996094
2020-06-08 00:00:00.000,320.2200012207031,323.4100036621094,319.6300048828125,323.20001220703125,73641200,318.0987854003906
2020-06-09 00:00:00.000,320.29998779296875,323.2799987792969,319.3599853515625,320.7900085449219,77479200,315.726806640625
2020-06-10 00:00:00.000,321.4200134277344,322.3900146484375,318.2200012207031,319.0,95000800,313.9650573730469
2020-06-11 00:00:00.000,311.4599914550781,312.1499938964844,300.010009765625,300.6099853515625,209243600,295.8653259277344
2020-06-12 00:00:00.000,308.239990234375,309.0799865722656,298.6000061035156,304.2099914550781,194678900,299.40850830078125
2020-06-15 00:00:00.000,298.0199890136719,308.2799987792969,296.739990234375,307.04998779296875,135782700,302.20367431640625
2020-06-16 00:00:00.000,315.4800109863281,315.6400146484375,307.6700134277344,312.9599914550781,137627500,308.0203857421875
2020-06-17 00:00:00.000,314.07000732421875,314.3900146484375,310.8599853515625,311.6600036621094,83398900,306.74090576171875
2020-06-18 00:00:00.000,310.010009765625,312.29998779296875,309.510009765625,311.7799987792969,80828700,306.8590087890625
2020-06-19 00:00:00.000,0.0,0.0,0.0,0.0,0,0.0
2020-06-19 00:00:00.000,314.1700134277344,314.3800048828125,306.5299987792969,308.6400146484375,135549600,305.1053466796875
2020-06-22 00:00:00.000,307.989990234375,311.04998779296875,306.75,310.6199951171875,74649400,307.0626525878906
2020-06-23 00:00:00.000,313.489990234375,314.5,311.6099853515625,312.04998779296875,68471200,308.47625732421875
2020-06-24 00:00:00.000,309.8399963378906,310.510009765625,302.1000061035156,304.0899963378906,132813500,300.6074523925781
2020-06-25 00:00:00.000,303.4700012207031,307.6400146484375,301.2799987792969,307.3500061035156,89468000,303.8301086425781
2020-06-26 00:00:00.000,306.1600036621094,306.3900146484375,299.4200134277344,300.04998779296875,127961000,296.6137390136719
2020-06-29 00:00:00.000,301.4100036621094,304.6099853515625,298.92999267578125,304.4599914550781,79773300,300.97320556640625
2020-06-30 00:00:00.000,303.989990234375,310.20001220703125,303.82000732421875,308.3599853515625,113394800,304.8285217285156
2020-07-01 00:00:00.000,309.57000732421875,311.8900146484375,309.07000732421875,310.5199890136719,72396500,306.96380615234375
2020-07-02 00:00:00.000,314.239990234375,315.70001220703125,311.510009765625,312.2300109863281,69344200,308.6542053222656
2020-07-06 00:00:00.000,316.3699951171875,317.67999267578125,315.55999755859375,317.04998779296875,61713800,313.4190368652344
2020-07-07 00:00:00.000,315.3800048828125,317.5199890136719,313.3699951171875,313.7799987792969,82910000,310.1864929199219
2020-07-08 00:00:00.000,314.6099853515625,316.29998779296875,312.70001220703125,316.17999267578125,54638600,312.5589599609375
2020-07-09 00:00:00.000,316.8399963378906,317.1000061035156,310.67999267578125,314.3800048828125,83354200,310.7795715332031
2020-07-10 00:00:00.000,314.30999755859375,317.8800048828125,312.760009765625,317.5899963378906,57550400,313.9528503417969
2020-07-13 00:00:00.000,320.1300048828125,322.7099914550781,314.1300048828125,314.8399963378906,102997500,311.23431396484375
2020-07-14 00:00:00.000,313.29998779296875,319.760009765625,312.0,318.9200134277344,93657000,315.26763916015625
2020-07-15 00:00:00.000,322.4100036621094,323.0400085449219,319.2699890136719,321.8500061035156,87196500,318.1640625
2020-07-16 00:00:00.000,319.7900085449219,321.2799987792969,319.0899963378906,320.7900085449219,54622500,317.1162109375
2020-07-17 00:00:00.000,321.8800048828125,322.57000732421875,319.739990234375,321.7200012207031,62774900,318.0355224609375
2020-07-20 00:00:00.000,321.42999267578125,325.1300048828125,320.6199951171875,324.32000732421875,56308800,320.60577392578125
2020-07-21 00:00:00.000,326.45001220703125,326.92999267578125,323.94000244140625,325.010009765625,57499000,321.2878723144531
2020-07-22 00:00:00.000,324.6199951171875,327.20001220703125,324.5,326.8599853515625,57792900,323.1166687011719
2020-07-23 00:00:00.000,326.4700012207031,327.2300109863281,321.4800109863281,322.9599914550781,75738000,319.2613220214844
2020-07-24 00:00:00.000,320.95001220703125,321.989990234375,319.25,320.8800048828125,73766600,317.2051696777344
2020-07-27 00:00:00.000,321.6300048828125,323.4100036621094,320.7699890136719,323.2200012207031,48293000,319.5183410644531
2020-07-28 00:00:00.000,322.42999267578125,323.6400146484375,320.8500061035156,321.1700134277344,57495000,317.4918518066406
2020-07-29 00:00:00.000,322.1199951171875,325.7300109863281,322.0799865722656,325.1199951171875,48454200,321.3966064453125
2020-07-30 00:00:00.000,321.8999938964844,324.4100036621094,319.6400146484375,323.9599914550781,61861700,320.2498779296875
2020-07-31 00:00:00.000,325.8999938964844,326.6300048828125,321.3299865722656,326.5199890136719,85210800,322.7805480957031
2020-08-03 00:00:00.000,328.32000732421875,329.6199951171875,327.7300109863281,328.7900085449219,53077900,325.0245666503906
2020-08-04 00:00:00.000,327.8599853515625,330.05999755859375,327.8599853515625,330.05999755859375,41917900,326.280029296875
2020-08-05 00:00:00.000,331.4700012207031,332.3900146484375,331.17999267578125,332.1099853515625,42866400,328.3065185546875
2020-08-06 00:00:00.000,331.4800109863281,334.4599914550781,331.1300048828125,334.3299865722656,43679400,330.5011291503906
2020-08-07 00:00:00.000,333.2799987792969,334.8800048828125,332.29998779296875,334.57000732421875,57308300,330.7384033203125
2020-08-10 00:00:00.000,335.05999755859375,335.7699890136719,332.9599914550781,335.57000732421875,44282100,331.7269287109375
2020-08-11 00:00:00.000,336.8500061035156,337.5400085449219,332.010009765625,332.79998779296875,69601100,328.9886474609375
2020-08-12 00:00:00.000,335.44000244140625,338.2799987792969,335.4100036621094,337.44000244140625,53826100,333.5755310058594
2020-08-13 00:00:00.000,336.6099853515625,338.25,335.8299865722656,336.8299865722656,41816100,332.9724426269531
2020-08-14 00:00:00.000,336.4100036621094,337.4200134277344,335.6199951171875,336.8399963378906,47260400,332.98236083984375
2020-08-17 00:00:00.000,337.94000244140625,338.3399963378906,336.8500061035156,337.9100036621094,35481000,334.0401306152344
2020-08-18 00:00:00.000,338.3399963378906,339.1000061035156,336.6099853515625,338.6400146484375,38733900,334.76177978515625
2020-08-19 00:00:00.000,339.04998779296875,339.6099853515625,336.6199951171875,337.2300109863281,68054200,333.367919921875
2020-08-20 00:00:00.000,335.3599853515625,338.79998779296875,335.2200012207031,338.2799987792969,42207800,334.4059143066406
2020-08-21 00:00:00.000,337.9200134277344,339.7200012207031,337.54998779296875,339.4800109863281,55106600,335.5921325683594
2020-08-24 00:00:00.000,342.1199951171875,343.0,339.45001220703125,342.9200134277344,48588700,338.9927673339844
2020-08-25 00:00:00.000,343.5299987792969,344.2099914550781,342.2699890136719,344.1199951171875,38463400,340.17901611328125
2020-08-26 00:00:00.000,344.760009765625,347.8599853515625,344.1700134277344,347.57000732421875,50790200,343.5895080566406
2020-08-27 00:00:00.000,348.510009765625,349.8999938964844,346.5299987792969,348.3299865722656,58034100,344.34075927734375
2020-08-28 00:00:00.000,349.44000244140625,350.7200012207031,348.1499938964844,350.5799865722656,48588900,346.5650329589844
2020-08-31 00:00:00.000,350.3500061035156,351.29998779296875,349.05999755859375,349.30999755859375,66099200,345.3095703125
2020-09-01 00:00:00.000,350.2099914550781,352.7099914550781,349.239990234375,352.6000061035156,54999300,348.5618896484375
2020-09-02 00:00:00.000,354.6700134277344,358.75,353.42999267578125,357.70001220703125,69540000,353.6034851074219
2020-09-03 00:00:00.000,355.8699951171875,356.3800048828125,342.5899963378906,345.3900146484375,148011100,341.4344787597656
2020-09-04 00:00:00.000,346.1300048828125,347.8299865722656,334.8699951171875,342.57000732421875,139156300,338.646728515625
2020-09-08 00:00:00.000,336.7099914550781,342.6400146484375,332.8800048828125,333.2099914550781,114465300,329.3939208984375
2020-09-09 00:00:00.000,337.54998779296875,342.4599914550781,336.6099853515625,339.7900085449219,91462300,335.8985900878906
2020-09-10 00:00:00.000,341.82000732421875,342.5299987792969,332.8500061035156,333.8900146484375,90569500,330.066162109375
2020-09-11 00:00:00.000,335.82000732421875,336.9700012207031,331.0,334.05999755859375,84680200,330.23419189453125
2020-09-14 00:00:00.000,337.489990234375,340.3800048828125,334.2200012207031,338.4599914550781,65605700,334.58380126953125
2020-09-15 00:00:00.000,341.1199951171875,342.0199890136719,338.4700012207031,340.1700134277344,52920900,336.2742614746094
2020-09-16 00:00:00.000,341.510009765625,343.05999755859375,338.5199890136719,338.82000732421875,82096000,334.939697265625
2020-09-17 00:00:00.000,333.55999755859375,337.70001220703125,332.989990234375,335.8399963378906,91523300,331.99383544921875
2020-09-18 00:00:00.000,0.0,0.0,0.0,0.0,0,0.0
2020-09-18 00:00:00.000,335.3699951171875,335.489990234375,327.9700012207031,330.6499938964844,105877900,328.17169189453125
2020-09-21 00:00:00.000,325.70001220703125,327.1300048828125,321.7300109863281,326.9700012207031,99450800,324.519287109375
2020-09-22 00:00:00.000,328.57000732421875,330.8999938964844,325.8599853515625,330.29998779296875,63612100,327.8243103027344
2020-09-23 00:00:00.000,330.8999938964844,331.20001220703125,322.1000061035156,322.6400146484375,93112200,320.22174072265625
2020-09-24 00:00:00.000,321.2200012207031,326.79998779296875,319.79998779296875,323.5,76681300,321.0752868652344
2020-09-25 00:00:00.000,322.5799865722656,329.5799865722656,321.6400146484375,328.7300109863281,71069400,326.2660827636719
2020-09-28 00:00:00.000,333.2200012207031,334.9599914550781,332.1499938964844,334.19000244140625,64584600,331.6851806640625
2020-09-29 00:00:00.000,333.9700012207031,334.7699890136719,331.6199951171875,332.3699951171875,51304000,329.8787841796875
2020-09-30 00:00:00.000,333.0899963378906,338.2900085449219,332.8800048828125,334.8900146484375,104081100,332.37994384765625
2020-10-01 00:00:00.000,337.69000244140625,338.739990234375,335.010009765625,337.0400085449219,88698700,334.5137939453125
2020-10-02 00:00:00.000,331.70001220703125,337.010009765625,331.19000244140625,333.8399963378906,89431100,331.3377990722656
2020-10-05 00:00:00.000,336.05999755859375,339.9599914550781,336.010009765625,339.760009765625,45713100,337.2134094238281
2020-10-06 00:00:00.000,339.9100036621094,342.1700134277344,334.3800048828125,334.92999267578125,90128900,332.41961669921875
2020-10-07 00:00:00.000,338.1199951171875,341.6300048828125,338.0899963378906,340.760009765625,56999600,338.2059326171875
2020-10-08 00:00:00.000,342.8500061035156,343.8500061035156,341.8599853515625,343.7799987792969,45242500,341.2032775878906
2020-10-09 00:00:00.000,345.55999755859375,347.3500061035156,344.8900146484375,346.8500061035156,59528600,344.2502746582031
2020-10-12 00:00:00.000,349.5899963378906,354.0199890136719,349.05999755859375,352.42999267578125,80388500,349.7884521484375
2020-10-13 00:00:00.000,352.2799987792969,352.4700012207031,349.0899963378906,350.1300048828125,73255500,347.5057067871094
2020-10-14 00:00:00.000,350.75,351.92999267578125,347.1400146484375,347.92999267578125,57958700,345.3221740722656
2020-10-15 00:00:00.000,343.7099914550781,348.0199890136719,343.1300048828125,347.5,60357700,344.8954162597656
2020-10-16 00:00:00.000,348.9599914550781,350.75,347.1000061035156,347.2900085449219,89501900,344.6869812011719
2020-10-19 00:00:00.000,348.6499938964844,349.3299865722656,341.0400085449219,342.010009765625,68425600,339.4465637207031
2020-10-20 00:00:00.000,343.4599914550781,346.8800048828125,342.6400146484375,343.3800048828125,60051900,340.8063049316406
2020-10-21 00:00:00.000,343.3299865722656,345.6700134277344,342.3999938964844,342.7300109863281,63575000,340.1611633300781
2020-10-22 00:00:00.000,342.9599914550781,345.239990234375,340.6499938964844,344.6099853515625,55399300,342.0270690917969
2020-10-23 00:00:00.000,345.92999267578125,345.989990234375,343.1300048828125,345.7799987792969,49143900,343.18829345703125
2020-10-26 00:00:00.000,342.1300048828125,342.9800109863281,335.6199951171875,339.3900146484375,91473000,336.8462219238281
2020-10-27 00:00:00.000,339.760009765625,340.1199951171875,337.989990234375,338.2200012207031,65994100,335.6849365234375
2020-10-28 00:00:00.000,332.1000061035156,338.25,326.1300048828125,326.6600036621094,127094300,324.21160888671875
2020-10-29 00:00:00.000,326.9100036621094,333.3999938964844,325.0899963378906,329.9800109863281,90597700,327.5067138671875
2020-10-30 00:00:00.000,328.2799987792969,329.69000244140625,322.6000061035156,326.5400085449219,120287300,324.0924987792969
2020-11-02 00:00:00.000,330.20001220703125,332.3599853515625,327.239990234375,330.20001220703125,86068300,327.72509765625
2020-11-03 00:00:00.000,333.69000244140625,338.25,330.2900085449219,336.0299987792969,93294200,333.5113830566406
2020-11-04 00:00:00.000,340.8599853515625,347.94000244140625,339.5899963378906,343.5400085449219,126959700,340.965087890625
2020-11-05 00:00:00.000,349.239990234375,352.19000244140625,348.8599853515625,350.239990234375,82039700,347.6148681640625
2020-11-06 00:00:00.000,349.92999267578125,351.510009765625,347.6499938964844,350.1600036621094,74973000,347.53546142578125
2020-11-09 00:00:00.000,363.9700012207031,364.3800048828125,354.05999755859375,354.55999755859375,172304200,351.9024963378906
2020-11-10 00:00:00.000,353.489990234375,355.17999267578125,350.510009765625,354.0400085449219,85552000,351.3863830566406
2020-11-11 00:00:00.000,356.3999938964844,357.55999755859375,355.05999755859375,356.6700134277344,58649000,353.9966735839844
2020-11-12 00:00:00.000,355.5799865722656,356.7200012207031,351.260009765625,353.2099914550781,67546200,350.5625915527344
2020-11-13 00:00:00.000,355.2699890136719,358.8999938964844,354.7099914550781,358.1000061035156,62892200,355.41595458984375
2020-11-16 00:00:00.000,360.9800109863281,362.7799987792969,359.5899963378906,362.57000732421875,74541100,359.85247802734375
2020-11-17 00:00:00.000,359.9700012207031,361.9200134277344,358.3399963378906,360.6199951171875,66111000,357.91705322265625
2020-11-18 00:00:00.000,360.9100036621094,361.5,356.239990234375,356.2799987792969,70591300,353.6095886230469
2020-11-19 00:00:00.000,355.6000061035156,358.17999267578125,354.1499938964844,357.7799987792969,59940900,355.0983581542969
2020-11-20 00:00:00.000,357.5,357.7200012207031,355.25,355.3299865722656,70417300,352.6667175292969
2020-11-23 00:00:00.000,357.2799987792969,358.82000732421875,354.8699951171875,357.4599914550781,63230600,354.7807312011719
2020-11-24 00:00:00.000,360.2099914550781,363.80999755859375,359.2900085449219,363.2200012207031,62415900,360.49755859375
2020-11-25 00:00:00.000,363.1300048828125,363.1600036621094,361.4800109863281,362.6600036621094,45330900,359.9417724609375
2020-11-27 00:00:00.000,363.8399963378906,364.17999267578125,362.5799865722656,363.6700134277344,28514100,360.9442138671875
2020-11-30 00:00:00.000,362.8299865722656,363.1199951171875,359.1700134277344,362.05999755859375,83872700,359.3462829589844
2020-12-01 00:00:00.000,365.57000732421875,367.67999267578125,364.92999267578125,366.0199890136719,74505000,363.2765808105469
2020-12-02 00:00:00.000,364.82000732421875,366.9599914550781,364.20001220703125,366.7900085449219,45927000,364.04083251953125
2020-12-03 00:00:00.000,366.67999267578125,368.19000244140625,365.5,366.69000244140625,62882000,363.94158935546875
2020-12-04 00:00:00.000,367.32000732421875,369.8500061035156,367.2200012207031,369.8500061035156,50749900,367.077880859375
2020-12-07 00:00:00.000,369.0199890136719,369.6199951171875,367.7200012207031,369.0899963378906,48944300,366.3235778808594
2020-12-08 00:00:00.000,367.7200012207031,370.7799987792969,367.6700134277344,370.1700134277344,42458900,367.3955078125
2020-12-09 00:00:00.000,370.8800048828125,371.04998779296875,365.95001220703125,366.8500061035156,74098300,364.1003723144531
2020-12-10 00:00:00.000,365.3699951171875,367.8599853515625,364.42999267578125,366.7300109863281,57735400,363.98126220703125
2020-12-11 00:00:00.000,364.8999938964844,366.739990234375,363.260009765625,366.29998779296875,57698600,363.5544738769531
2020-12-14 00:00:00.000,368.6400146484375,369.79998779296875,364.4700012207031,364.6600036621094,69216200,361.9267883300781
2020-12-15 00:00:00.000,367.3999938964844,369.5899963378906,365.9200134277344,369.5899963378906,64071100,366.81982421875
2020-12-16 00:00:00.000,369.82000732421875,371.1600036621094,368.8699951171875,370.1700134277344,58420500,367.3955078125
2020-12-17 00:00:00.000,371.94000244140625,372.4599914550781,371.04998779296875,372.239990234375,64119500,369.4499816894531
2020-12-18 00:00:00.000,0.0,0.0,0.0,0.0,0,0.0
2020-12-18 00:00:00.000,370.9700012207031,371.1499938964844,367.0199890136719,369.17999267578125,136542300,367.97479248046875
2020-12-21 00:00:00.000,364.9700012207031,378.4599914550781,362.0299987792969,367.8599853515625,96386700,366.6590881347656
2020-12-22 00:00:00.000,368.2099914550781,368.3299865722656,366.0299987792969,367.239990234375,47949000,366.0411071777344
2020-12-23 00:00:00.000,368.2799987792969,369.6199951171875,367.2200012207031,367.57000732421875,46201400,366.37005615234375
2020-12-24 00:00:00.000,368.0799865722656,369.0299987792969,367.45001220703125,369.0,26457900,367.7953796386719
2020-12-28 00:00:00.000,371.739990234375,372.5899963378906,371.07000732421875,372.1700134277344,39000400,370.9550476074219
2020-12-29 00:00:00.000,373.80999755859375,374.0,370.8299865722656,371.4599914550781,53680500,370.2473449707031
2020-12-30 00:00:00.000,372.3399963378906,373.1000061035156,371.57000732421875,371.989990234375,49455300,370.7756042480469
2020-12-31 00:00:00.000,371.7799987792969,374.6600036621094,371.2300109863281,373.8800048828125,78520700,372.6594543457031
2021-01-04 00:00:00.000,375.30999755859375,375.45001220703125,364.82000732421875,368.7900085449219,110210800,367.5860900878906
2021-01-05 00:00:00.000,368.1000061035156,372.5,368.04998779296875,371.3299865722656,66426200,370.1177673339844
2021-01-06 00:00:00.000,369.7099914550781,376.9800109863281,369.1199951171875,373.54998779296875,107997700,372.33050537109375
2021-01-07 00:00:00.000,376.1000061035156,379.8999938964844,375.9100036621094,379.1000061035156,68766800,377.8624267578125
2021-01-08 00:00:00.000,380.5899963378906,381.489990234375,377.1000061035156,381.260009765625,71677200,380.015380859375
2021-01-11 00:00:00.000,377.8500061035156,380.5799865722656,377.7200012207031,378.69000244140625,51176700,377.4537658691406
2021-01-12 00:00:00.000,378.8900146484375,379.8599853515625,376.3599853515625,378.7699890136719,52547700,377.5334777832031
2021-01-13 00:00:00.000,378.69000244140625,380.8599853515625,377.8500061035156,379.7900085449219,45303600,378.5501708984375
2021-01-14 00:00:00.000,380.5899963378906,381.1300048828125,378.1000061035156,378.4599914550781,49989100,377.2244873046875
2021-01-15 00:00:00.000,376.7200012207031,377.5799865722656,373.70001220703125,375.70001220703125,107160000,374.4735107421875
2021-01-19 00:00:00.000,378.3399963378906,379.2300109863281,376.75,378.6499938964844,51233300,377.41387939453125
2021-01-20 00:00:00.000,381.1099853515625,384.7900085449219,380.69000244140625,383.8900146484375,61836100,382.63677978515625
2021-01-21 00:00:00.000,384.489990234375,384.95001220703125,383.25,384.239990234375,47955800,382.9856262207031
2021-01-22 00:00:00.000,382.25,384.1300048828125,381.8399963378906,382.8800048828125,52860500,381.63006591796875
2021-01-25 00:00:00.000,383.6700134277344,384.7699890136719,378.4599914550781,384.3900146484375,70402000,383.1351623535156
2021-01-26 00:00:00.000,385.4100036621094,385.8500061035156,383.5400085449219,383.7900085449219,42665300,382.537109375
2021-01-27 00:00:00.000,380.2200012207031,380.32000732421875,372.010009765625,374.4100036621094,123351100,373.1877136230469
2021-01-28 00:00:00.000,376.3599853515625,381.92999267578125,375.8900146484375,377.6300048828125,94198100,376.397216796875
2021-01-29 00:00:00.000,375.6300048828125,376.6700134277344,368.2699890136719,370.07000732421875,126618400,368.8619079589844
2021-02-01 00:00:00.000,373.7200012207031,377.3399963378906,370.3800048828125,376.2300109863281,75817600,375.0018005371094
2021-02-02 00:00:00.000,379.6499938964844,383.2200012207031,376.32000732421875,381.54998779296875,64450700,380.3044128417969
2021-02-03 00:00:00.000,382.44000244140625,383.70001220703125,380.4800109863281,381.8500061035156,52427100,380.6034240722656
2021-02-04 00:00:00.000,382.9599914550781,386.239990234375,381.9700012207031,386.19000244140625,47142600,384.92926025390625
2021-02-05 00:00:00.000,388.20001220703125,388.4700012207031,386.1400146484375,387.7099914550781,48620300,386.4443054199219
2021-02-08 00:00:00.000,389.2699890136719,390.55999755859375,388.3500061035156,390.510009765625,38365200,389.23516845703125
2021-02-09 00:00:00.000,389.6099853515625,390.8900146484375,389.1700134277344,390.25,35551100,388.97601318359375
2021-02-10 00:00:00.000,392.1199951171875,392.2799987792969,387.5,390.0799865722656,59154400,388.8065490722656
2021-02-11 00:00:00.000,391.239990234375,391.69000244140625,388.1000061035156,390.7099914550781,42755400,389.43450927734375
2021-02-12 00:00:00.000,389.8500061035156,392.8999938964844,389.7699890136719,392.6400146484375,50505700,391.35821533203125
2021-02-16 00:00:00.000,393.9599914550781,394.1700134277344,391.5299987792969,392.29998779296875,50972400,391.0193176269531
2021-02-17 00:00:00.000,390.4200134277344,392.6600036621094,389.3299865722656,392.3900146484375,52290600,391.1090393066406
2021-02-18 00:00:00.000,389.5899963378906,391.5199890136719,387.739990234375,390.7200012207031,59712800,389.4444885253906
2021-02-19 00:00:00.000,392.07000732421875,392.3800048828125,389.54998779296875,390.0299987792969,83241000,388.7567138671875
2021-02-22 00:00:00.000,387.05999755859375,389.6199951171875,386.739990234375,387.0299987792969,67414200,385.7665100097656
2021-02-23 00:00:00.000,384.6600036621094,388.95001220703125,380.20001220703125,387.5,107284100,386.2349853515625
2021-02-24 00:00:00.000,386.3299865722656,392.2300109863281,385.2699890136719,391.7699890136719,72433900,390.49102783203125
2021-02-25 00:00:00.000,390.4100036621094,391.8800048828125,380.7799987792969,382.3299865722656,146670500,381.08184814453125
2021-02-26 00:00:00.000,384.3500061035156,385.5799865722656,378.2300109863281,380.3599853515625,152534900,379.1182861328125
2021-03-01 00:00:00.000,385.5899963378906,390.9200134277344,380.57000732421875,389.5799865722656,104945700,388.3081970214844
2021-03-02 00:00:00.000,389.82000732421875,390.07000732421875,386.0,386.5400085449219,79389200,385.27813720703125
2021-03-03 00:00:00.000,385.7900085449219,386.8299865722656,381.30999755859375,381.4200134277344,119482700,380.1748352050781
2021-03-04 00:00:00.000,381.2200012207031,384.0,371.8800048828125,376.70001220703125,182856500,375.4702453613281
2021-03-05 00:00:00.000,380.4599914550781,384.760009765625,372.6400146484375,383.6300048828125,151959800,382.37762451171875
2021-03-08 00:00:00.000,384.6600036621094,387.67999267578125,381.4200134277344,381.7200012207031,122957100,380.4738464355469
2021-03-09 00:00:00.000,385.8500061035156,389.9100036621094,385.30999755859375,387.1700134277344,113457800,385.90606689453125
2021-03-10 00:00:00.000,389.69000244140625,391.3999938964844,388.1700134277344,389.5799865722656,109660800,388.3081970214844
2021-03-11 00:00:00.000,392.2300109863281,395.6499938964844,391.739990234375,393.5299987792969,86027400,392.24530029296875
2021-03-12 00:00:00.000,392.07000732421875,394.2099914550781,391.20001220703125,394.05999755859375,64608100,392.7735595703125
2021-03-15 00:00:00.000,394.3299865722656,396.69000244140625,392.0299987792969,396.4100036621094,73427200,395.11590576171875
2021-03-16 00:00:00.000,397.07000732421875,397.8299865722656,395.0799865722656,395.9100036621094,72958000,394.6175231933594
2021-03-17 00:00:00.000,394.5299987792969,398.1199951171875,393.29998779296875,397.260009765625,91822000,395.963134765625
2021-03-18 00:00:00.000,394.4800109863281,396.7200012207031,390.75,391.4800109863281,115112500,390.2019958496094
2021-03-19 00:00:00.000,0.0,0.0,0.0,0.0,0,0.0
2021-03-19 00:00:00.000,389.8800048828125,391.57000732421875,387.1499938964844,389.4800109863281,112777800,389.4800109863281
2021-03-22 00:00:00.000,390.0299987792969,394.07000732421875,389.9700012207031,392.5899963378906,73778600,392.5899963378906
2021-03-23 00:00:00.000,391.9100036621094,393.4599914550781,388.6600036621094,389.5,90686600,389.5
2021-03-24 00:00:00.000,391.0,392.75,387.4700012207031,387.5199890136719,97588600,387.5199890136719
2021-03-25 00:00:00.000,385.9800109863281,390.54998779296875,383.8999938964844,389.70001220703125,116128600,389.70001220703125
2021-03-26 00:00:00.000,390.92999267578125,396.4100036621094,390.2900085449219,395.9800109863281,113023400,395.9800109863281
2021-03-29 00:00:00.000,394.3999938964844,396.75,392.80999755859375,395.7799987792969,108107600,395.7799987792969
2021-03-30 00:00:00.000,394.4200134277344,395.45001220703125,393.0199890136719,394.7300109863281,76262200,394.7300109863281
2021-03-31 00:00:00.000,395.3399963378906,398.0,395.30999755859375,396.3299865722656,112664200,396.3299865722656
